{"noiseKey":{"private":{"type":"Buffer","data":"OCj5du28Z4uFPDwlN+YBlvvauQ2EZEuzz7iqFUsBRUQ="},"public":{"type":"Buffer","data":"IJF6RxzJedaB1X1KTZjauWxfn9sfzvPgLJNzmhmjRw8="}},"pairingEphemeralKeyPair":{"private":{"type":"Buffer","data":"iNZbmedNi+yuCJ6r3RPvvm20sSiB885RgRPwFyshLVU="},"public":{"type":"Buffer","data":"q0p801tPhcOQyGImzXHa24F1bzt9FkeZAK8+HWxIDGc="}},"signedIdentityKey":{"private":{"type":"Buffer","data":"GAyMtJh+NBCr+JbXu83+HUHtBECWXhsD/NsmzFTaOHc="},"public":{"type":"Buffer","data":"JBMjkcyXXRIdJNUjDv+YXHKAHyrAu63PS9Ul2XbuRlg="}},"signedPreKey":{"keyPair":{"private":{"type":"Buffer","data":"qF++Acho2GKosuVYmc55k5SKrreYO13jUtDA1et+HkY="},"public":{"type":"Buffer","data":"dzSraUe3bKtJH0pMEu/Dwk4aPnEBwn4Q1iOxNHU/ABk="}},"signature":{"type":"Buffer","data":"zseIxUk65w/lt/pse0JH5Bbjk4OeR0EkzMb5llMH2dVeW+ZToTlDp6VE2/YJOMjOSUmnD1dh6fduSZIA5/S7Dg=="},"keyId":1},"registrationId":138,"advSecretKey":"p3eQHHg1ckj98nnCDjgpIjy+OUls0hCQrmxew2F5rZE=","processedHistoryMessages":[{"key":{"remoteJid":"251918959071@s.whatsapp.net","fromMe":false,"id":"A55303D4530BF04113B4C95628FC35A9","participant":"","addressingMode":"pn"},"messageTimestamp":1766269709},{"key":{"remoteJid":"251918959071@s.whatsapp.net","fromMe":false,"id":"A52B85B3C63F68765A39F390794221DE","participant":"","addressingMode":"pn"},"messageTimestamp":1766269710},{"key":{"remoteJid":"251918959071@s.whatsapp.net","fromMe":false,"id":"A565ECCE513BB23F4D59CE88F72F5823","participant":"","addressingMode":"pn"},"messageTimestamp":1766269711},{"key":{"remoteJid":"251918959071@s.whatsapp.net","fromMe":false,"id":"A5A2604693CC29982ADFE8FC0C31AE27","participant":"","addressingMode":"pn"},"messageTimestamp":1766269711},{"key":{"remoteJid":"251918959071@s.whatsapp.net","fromMe":false,"id":"A5D99E4809E11F21644DF4DD69AE1E90","participant":"","addressingMode":"pn"},"messageTimestamp":1766269745},{"key":{"remoteJid":"251918959071@s.whatsapp.net","fromMe":false,"id":"A526A73CBF22BA1796F583CECFCF505E","participant":"","addressingMode":"pn"},"messageTimestamp":1766269783},{"key":{"remoteJid":"251918959071@s.whatsapp.net","fromMe":false,"id":"A57B0D3AD477C494AC145F0641AC0163","participant":"","addressingMode":"pn"},"messageTimestamp":1766269794},{"key":{"remoteJid":"251918959071@s.whatsapp.net","fromMe":false,"id":"A505AABF35024EE5B164E8B265147AD4","participant":"","addressingMode":"pn"},"messageTimestamp":1766269831},{"key":{"remoteJid":"251918959071@s.whatsapp.net","fromMe":false,"id":"A55ABB1230E445403528A60DFAED01C0","participant":"","addressingMode":"pn"},"messageTimestamp":1766269862}],"nextPreKeyId":813,"firstUnuploadedPreKeyId":813,"accountSyncCounter":1,"accountSettings":{"unarchiveChats":false},"registered":false,"account":{"details":"COG4mLoEEPbFnMoGGAQgACgA","accountSignatureKey":"uvJgCDW1ILyZmb8scbHwVd4UR+9QZm46imKKT8vhqD4=","accountSignature":"HNIHYk6lWnxZHnAZFU71sFTjt/nC2CK1KPgt/eHQbJdaBAZETZxu+vv4izN0HuF08MZ+l8jiR0dZ4HR6Pyr+Cg==","deviceSignature":"rGcXXev5EJEYTG3wSJZygXHcTG6s62Z4cdHqJp7Mm2sjCQuU9oA8vEywD1JJkDSBJDvdy72jNAVAiFczKAySAw=="},"me":{"id":"251918959071:13@s.whatsapp.net","name":"Amuu shariif Arabiyan majlis","lid":"14079473270843:13@lid"},"signalIdentities":[{"identifier":{"name":"14079473270843:13@lid","deviceId":0},"identifierKey":{"type":"Buffer","data":"BbryYAg1tSC8mZm/LHGx8FXeFEfvUGZuOopiik/L4ag+"}}],"platform":"smba","routingInfo":{"type":"Buffer","data":"CAsIAwgJ"},"lastAccountSyncTimestamp":1766269692,"lastPropHash":"2G4Amu","myAppStateKeyId":"AAoAAADB"}